execution_date,signal_date,ticker,rank_selected,primary_etf,entry_price,exit_date,exit_price,exit_reason,etf_signal_date,sector_open_lots,cooldown_until,allocation,net_proceeds,net_profit,return_pct
2016-01-26,2016-01-25,AMZN,1,XLY.US,30.172500000000003,2017-01-25,41.289500000000004,one_year,,,,1000.0,1365.7125624161074,365.7125624161074,0.3657125624161075
2016-02-26,2016-02-25,TSN,1,XLP.US,50.719928571428575,2017-02-27,48.691108980115466,one_year,,,,1000.0,958.0805182883862,-41.9194817116138,-0.04191948171161375
2016-03-28,2016-03-24,TSN,1,XLP.US,51.38837984588025,2017-03-28,47.9914303138143,one_year,,,,1000.0,932.0296843033613,-67.97031569663875,-0.0679703156966387
2016-04-26,2016-04-25,TSN,1,XLP.US,49.32149999999999,2017-04-26,50.62699048504572,one_year,,,,1000.0,1024.417082429896,24.417082429896027,0.02441708242989593
2016-05-26,2016-05-25,EW,1,XLV.US,33.3333,2017-05-26,38.166700000000006,one_year,,,,1000.0,1142.713285714286,142.71328571428603,0.1427132857142861
2016-06-27,2016-06-24,NVDA,1,SMH.US,1.1117967506631299,2017-06-27,3.7336189930413424,one_year,,,,1000.0,3351.471828328147,2351.471828328147,2.3514718283281466
2016-07-26,2016-07-25,NVDA,1,SMH.US,1.3770229736888575,2017-07-26,4.13395460958986,one_year,,,,1000.0,2996.094410301031,1996.094410301031,1.9960944103010312
2016-08-26,2016-08-25,NVDA,1,SMH.US,1.5151493632113495,2017-08-28,4.061176359338062,one_year,,,,1000.0,2675.022124026977,1675.022124026977,1.675022124026977
2016-09-26,2016-09-23,NVDA,1,SMH.US,1.5770071806030461,2017-09-26,4.353993021632937,one_year,,,,1000.0,2755.402412258553,1755.4024122585529,1.7554024122585528
2016-10-26,2016-10-25,NVDA,1,SMH.US,1.7504409783813748,2017-10-26,4.806345055955849,one_year,,,,1000.0,2740.3021475334263,1740.3021475334263,1.7403021475334262
2016-11-28,2016-11-25,NVDA,1,SMH.US,2.308896780363405,2017-11-28,5.29288144843624,one_year,,,,1000.0,2287.802998967072,1287.8029989670722,1.2878029989670723
2016-12-27,2016-12-23,NVDA,1,SMH.US,2.7563206784861918,2017-12-27,4.862032915757975,one_year,,,,1000.0,1760.4314874655042,760.4314874655042,0.7604314874655043
2017-01-26,2017-01-25,NVDA,1,SMH.US,2.654054628362973,2018-01-26,5.8798504911026175,one_year,,,,1000.0,2210.9931752197426,1210.9931752197426,1.2109931752197425
2017-02-27,2017-02-24,NVDA,1,SMH.US,2.516972320658941,2018-02-09,5.883054442433643,etf_rotation_risk_off,2018-02-08,7,2018-08-08,1000.0,2332.68128076439,1332.68128076439,1.33268128076439
2017-03-27,2017-03-24,NVDA,1,SMH.US,2.6002427713625864,2018-02-09,5.883054442433643,etf_rotation_risk_off,2018-02-08,7,2018-08-08,1000.0,2257.979247655605,1257.979247655605,1.257979247655605
2017-04-26,2017-04-25,MU,1,DRAM.US,25.919121388577825,2018-04-26,48.054781651376146,one_year,,,,1000.0,1850.3219852193656,850.3219852193656,0.8503219852193655
2017-05-26,2017-05-25,MU,1,DRAM.US,28.54228249327957,2018-05-29,59.83442695624401,one_year,,,,1000.0,2092.152859562603,1092.1528595626032,1.0921528595626033
2017-06-26,2017-06-23,NVDA,1,SMH.US,3.8253084193230364,2018-02-09,5.883054442433643,etf_rotation_risk_off,2018-02-08,7,2018-08-08,1000.0,1534.8551209479363,534.8551209479363,0.5348551209479362
2017-07-26,2017-07-25,NVDA,1,SMH.US,4.13395460958986,2018-02-09,5.883054442433643,etf_rotation_risk_off,2018-02-08,7,2018-08-08,1000.0,1420.2609295668403,420.26092956684033,0.42026092956684025
2017-08-28,2017-08-25,NVDA,1,SMH.US,4.061176359338062,2018-02-09,5.883054442433643,etf_rotation_risk_off,2018-02-08,7,2018-08-08,1000.0,1445.71269432884,445.7126943288399,0.44571269432883986
2017-09-26,2017-09-25,NVDA,1,SMH.US,4.353993021632937,2018-02-09,5.883054442433643,etf_rotation_risk_off,2018-02-08,7,2018-08-08,1000.0,1348.484985490681,348.4849854906811,0.3484849854906811
2017-10-26,2017-10-25,NVDA,1,SMH.US,4.806345055955849,2018-02-09,5.883054442433643,etf_rotation_risk_off,2018-02-08,7,2018-08-08,1000.0,1221.5715160374768,221.57151603747684,0.22157151603747693
2017-11-27,2017-11-24,ALGN,1,XLV.US,255.78,2018-03-23,260.13,etf_rotation_risk_off,2018-03-22,4,2018-09-22,1000.0,1014.973806122449,14.973806122448991,0.014973806122448918
2017-12-26,2017-12-22,ALGN,1,XLV.US,222.36,2018-03-23,260.13,etf_rotation_risk_off,2018-03-22,4,2018-09-22,1000.0,1167.5211374797625,167.5211374797625,0.1675211374797625
2018-01-26,2018-01-25,ALGN,1,XLV.US,275.16,2018-03-23,260.13,etf_rotation_risk_off,2018-03-22,4,2018-09-22,1000.0,943.4874259703445,-56.512574029655525,-0.05651257402965548
2018-02-26,2018-02-23,ALGN,1,XLV.US,266.8,2018-03-23,260.13,etf_rotation_risk_off,2018-03-22,4,2018-09-22,1000.0,973.050975,-26.949025000000006,-0.02694902499999996
2018-03-26,2018-03-23,MU,3,DRAM.US,54.86119575233982,2018-12-20,30.814343989769824,stop_close_next_open,,,,1000.0,560.5555200612388,-439.4444799387612,-0.43944447993876123
2018-04-26,2018-04-25,NFLX,1,XLC.US,30.999999999999996,2018-10-12,33.957,etf_rotation_risk_off,2018-10-11,3,2019-04-11,1000.0,1093.197417967742,93.19741796774201,0.09319741796774195
2018-05-29,2018-05-25,NFLX,2,XLC.US,35.15,2018-10-12,33.957,etf_rotation_risk_off,2018-10-11,3,2019-04-11,1000.0,964.1285905263159,-35.87140947368414,-0.03587140947368417
2018-06-26,2018-06-25,NFLX,1,XLC.US,39.328,2018-10-12,33.957,etf_rotation_risk_off,2018-10-11,3,2019-04-11,1000.0,861.7046368236371,-138.2953631763629,-0.13829536317636293
2018-07-26,2018-07-25,GWW,1,XLI.US,309.55502629647026,2019-07-26,275.13285770513676,one_year,,,,1000.0,887.0244182680718,-112.97558173192817,-0.11297558173192812
2018-08-27,2018-08-24,HFC,1,XLE.US,67.66564850453375,2019-05-09,40.05793094582185,stop_close_next_open,,,,1000.0,590.8146308415643,-409.1853691584357,-0.40918536915843573
2018-09-26,2018-09-25,ABMD,1,XLV.US,443.49,2019-04-17,267.58,stop_close_next_open,,,,1000.0,602.1445975782993,-397.85540242170066,-0.3978554024217007
2018-10-26,2018-10-25,AAP,1,XLV.US,141.03414056517775,2019-10-28,144.97131076257438,one_year,,,,1000.0,1025.8616284863072,25.861628486307154,0.02586162848630713
2018-11-26,2018-11-23,AAP,1,XLV.US,156.0446134199865,2019-11-26,139.31084084282892,one_year,,,,1000.0,890.9782620806351,-109.02173791936491,-0.10902173791936487
2018-12-26,2018-12-24,AES,1,XLU.US,10.518593837535013,2019-12-27,15.630844744744746,one_year,,,,1000.0,1483.0498189248174,483.0498189248174,0.48304981892481735
2019-01-28,2019-01-25,XLNX,1,SMH.US,104.02389963423555,2019-05-14,108.78254440713906,etf_rotation_risk_off,2019-05-13,4,2019-11-13,1000.0,1043.6552415608448,43.65524156084484,0.04365524156084488
2019-02-26,2019-02-25,XLNX,1,SMH.US,121.36575582342401,2019-05-14,108.78254440713906,etf_rotation_risk_off,2019-05-13,4,2019-11-13,1000.0,894.5281753019475,-105.4718246980525,-0.1054718246980525
2019-03-26,2019-03-25,XLNX,1,SMH.US,121.99689220563849,2019-05-14,108.78254440713906,etf_rotation_risk_off,2019-05-13,4,2019-11-13,1000.0,889.9004403970504,-110.09955960294963,-0.11009955960294959
2019-04-26,2019-04-25,AMD,1,SMH.US,27.66,2019-05-14,26.53,etf_rotation_risk_off,2019-05-13,4,2019-11-13,1000.0,957.2294479392624,-42.7705520607376,-0.042770552060737654
2019-05-28,2019-05-24,AZO,2,XLY.US,1055.25,2020-03-04,1040.0,etf_rotation_risk_off,2020-03-03,3,2020-09-03,1000.0,983.5783368869936,-16.42166311300639,-0.016421663113006413
2019-06-26,2019-06-25,BLL,1,XLB.US,66.68510191881919,2020-02-28,69.04988254328697,etf_rotation_risk_off,2020-02-27,3,2020-08-27,1000.0,1033.3920147857693,33.392014785769334,0.033392014785769364
2019-07-26,2019-07-25,BLL,2,XLB.US,69.96305724979207,2020-02-28,69.04988254328697,etf_rotation_risk_off,2020-02-27,3,2020-08-27,1000.0,984.9748501133109,-15.025149886689064,-0.015025149886689015
2019-08-26,2019-08-23,BLL,1,XLB.US,76.72452348908074,2020-02-28,69.04988254328697,etf_rotation_risk_off,2020-02-27,3,2020-08-27,1000.0,898.1724316331572,-101.8275683668428,-0.10182756836684281
2019-09-26,2019-09-25,MKTX,1,XLF.US,310.9713680090361,2020-09-25,422.08838505912706,one_year,,,,1000.0,1354.6090531561524,354.6090531561524,0.3546090531561523
2019-10-28,2019-10-25,PHM,3,XLY.US,37.660512338484935,2020-03-04,40.04916555605583,etf_rotation_risk_off,2020-03-03,3,2020-09-03,1000.0,1061.300146818906,61.30014681890589,0.06130014681890583
2019-11-26,2019-11-25,TGT,1,XLY.US,104.78494057845377,2020-03-04,90.01913374142089,etf_rotation_risk_off,2020-03-03,3,2020-09-03,1000.0,857.3673373017574,-142.6326626982426,-0.1426326626982426
2019-12-26,2019-12-24,LRCX,1,SMH.US,27.42474873525024,2020-02-26,27.54282910316925,etf_rotation_risk_off,2020-02-25,2,2020-08-25,1000.0,1002.2980065615249,2.2980065615248577,0.00229800656152479
2020-01-27,2020-01-24,AMD,1,SMH.US,48.45,2020-02-26,47.7,etf_rotation_risk_off,2020-02-25,2,2020-08-25,1000.0,982.5520681114552,-17.44793188854476,-0.017447931888544765
2020-02-26,2020-02-25,ARNC,2,,31.84,2020-03-17,17.88,stop_close_next_open,,,,1000.0,560.4352349246232,-439.56476507537684,-0.4395647650753769
2020-03-26,2020-03-25,ODFL,1,XLI.US,66.50203630156473,2020-10-29,90.77201432624112,etf_rotation_risk_off,2020-10-28,2,2021-04-28,1000.0,1362.222363519889,362.2223635198891,0.3622223635198891
2020-04-27,2020-04-24,LDOS,3,,94.71978511673152,2021-04-27,93.50698743392839,one_year,,,,1000.0,985.2225366753255,-14.7774633246745,-0.014777463324674445
2020-05-26,2020-05-22,FTNT,4,,28.872000000000003,2021-05-26,43.1574,one_year,,,,1000.0,1491.7958006857853,491.79580068578525,0.4917958006857852
2020-06-26,2020-06-25,REGN,2,XLV.US,606.0146851903952,2021-06-28,560.9071988612492,one_year,,,,1000.0,923.7167993624681,-76.28320063753188,-0.07628320063753191
2020-07-27,2020-07-24,DXCM,1,XLV.US,107.04,2021-07-27,113.0725,one_year,,,,1000.0,1054.2457779568385,54.24577795683854,0.0542457779568386
2020-08-26,2020-08-25,NVDA,1,SMH.US,12.74020406893447,2021-03-05,12.499544196124063,etf_rotation_risk_off,2021-03-04,2,2021-09-04,1000.0,979.1489633744401,-20.851036625559914,-0.02085103662555987
2020-09-28,2020-09-25,NVDA,1,SMH.US,12.984027364787112,2021-03-05,12.499544196124063,etf_rotation_risk_off,2021-03-04,2,2021-09-04,1000.0,960.761808089469,-39.238191910530986,-0.03923819191053102
2020-10-26,2020-10-23,CARR,1,XLI.US,31.862008899436372,2020-10-29,31.326811153507485,etf_rotation_risk_off,2020-10-28,2,2021-04-28,1000.0,981.237214410692,-18.76278558930801,-0.018762785589307995
2020-11-27,2020-11-25,ETSY,1,XLY.US,148.72,2021-03-05,201.01,etf_rotation_risk_off,2021-03-04,4,2021-09-04,1000.0,1348.8984737089834,348.8984737089834,0.3488984737089833
2020-12-28,2020-12-24,ETSY,1,XLY.US,193.58,2021-03-05,201.01,etf_rotation_risk_off,2021-03-04,4,2021-09-04,1000.0,1036.3063385163757,36.30633851637572,0.03630633851637577
2021-01-26,2021-01-25,ETSY,1,XLY.US,225.94,2021-03-05,201.01,etf_rotation_risk_off,2021-03-04,4,2021-09-04,1000.0,887.882539656546,-112.11746034345401,-0.11211746034345405
2021-02-26,2021-02-25,TSLA,1,XLY.US,233.3333,2021-03-05,208.6867,etf_rotation_risk_off,2021-03-04,4,2021-09-04,1000.0,892.5838501692643,-107.41614983073566,-0.10741614983073566
2021-03-26,2021-03-25,VIAC,2,XLC.US,64.00012025710139,2021-04-16,38.254030749682336,stop_close_next_open,,,,1000.0,596.5232688446015,-403.4767311553985,-0.4034767311553985
2021-04-26,2021-04-23,FCX,1,XLB.US,34.639714212548014,2021-07-20,30.305637147192716,etf_rotation_risk_off,2021-07-19,2,2022-01-19,1000.0,873.1323818941727,-126.86761810582732,-0.12686761810582736
2021-05-26,2021-05-25,FCX,1,XLB.US,38.25301079380445,2021-07-20,30.305637147192716,etf_rotation_risk_off,2021-07-19,2,2022-01-19,1000.0,790.6581874447916,-209.34181255520843,-0.20934181255520845
2021-06-28,2021-06-25,GNRC,2,XLI.US,399.98,2022-04-25,234.03,stop_close_next_open,,,,1000.0,583.9346318065903,-416.06536819340965,-0.41606536819340967
2021-07-26,2021-07-23,SIVB,1,XLF.US,571.94,2022-07-26,385.58,one_year,,,,1000.0,672.8139762562506,-327.1860237437494,-0.3271860237437494
2021-08-26,2021-08-25,DVN,1,XLE.US,22.640735647988997,2021-11-30,33.99220915359011,etf_rotation_risk_off,2021-11-29,2,2022-05-29,1000.0,1498.3726348355344,498.3726348355344,0.4983726348355344
2021-09-27,2021-09-24,MRNA,1,XLV.US,430.6,2021-11-08,233.06,stop_close_next_open,,,,1000.0,540.1628264282396,-459.83717357176045,-0.45983717357176046
2021-10-26,2021-10-25,MRNA,1,XLV.US,352.0,2022-01-14,204.01,stop_close_next_open,,,,1000.0,578.4152954829545,-421.58470451704545,-0.42158470451704544
2021-11-26,2021-11-24,DVN,1,XLE.US,33.3725669086651,2021-11-30,33.99220915359011,etf_rotation_risk_off,2021-11-29,2,2022-05-29,1000.0,1016.531297108097,16.531297108096965,0.016531297108096865
2021-12-27,2021-12-23,BBWI,1,XLY.US,62.44138830945558,2022-05-20,35.8265913414319,stop_close_next_open,,,,1000.0,572.6165761744595,-427.3834238255405,-0.4273834238255405
2022-01-26,2022-01-25,MRO,2,,18.990187608363083,2023-01-26,27.344792628650904,one_year,,,,1000.0,1437.0648121542483,437.06481215424833,0.4370648121542484
2022-02-28,2022-02-25,NUE,2,,120.58959408904421,2023-02-28,156.73668024366938,one_year,,,,1000.0,1297.154740436046,297.15474043604604,0.29715474043604595
2022-03-28,2022-03-25,CF,2,,97.2132117199391,2023-03-28,64.96970257577914,one_year,,,,1000.0,666.9857624612465,-333.0142375387535,-0.3330142375387535
2022-04-26,2022-04-25,MRO,2,,23.35838720930233,2023-04-26,22.86129197080292,one_year,,,,1000.0,976.7623099880424,-23.237690011957625,-0.023237690011957635
2022-05-26,2022-05-25,MRO,3,,28.272028235294115,2023-05-26,22.972285898538264,one_year,,,,1000.0,810.9203948235439,-189.07960517645608,-0.18907960517645606
2022-06-27,2022-06-24,MCK,1,XLV.US,316.86410265448745,2023-03-02,346.45014626878566,etf_rotation_risk_off,2023-03-01,2,2023-09-01,1000.0,1091.185746601952,91.1857466019519,0.09118574660195189
2022-07-26,2022-07-25,OXY,1,XLE.US,61.76734480425327,2022-09-26,54.85502168279198,etf_rotation_risk_off,2022-09-23,2,2023-03-23,1000.0,886.3156845731588,-113.68431542684118,-0.11368431542684121
2022-08-26,2022-08-25,OXY,1,XLE.US,69.84153951053705,2022-09-26,54.85502168279198,etf_rotation_risk_off,2022-09-23,2,2023-03-23,1000.0,783.8510845853934,-216.14891541460656,-0.21614891541460657
2022-09-26,2022-09-23,ENPH,2,XLK.US,277.86,2023-04-27,166.53,stop_close_next_open,,,,1000.0,598.1325362772619,-401.8674637227381,-0.40186746372273807
2022-10-26,2022-10-25,MCK,1,XLV.US,380.1634804935004,2023-03-02,346.45014626878566,etf_rotation_risk_off,2023-03-01,2,2023-09-01,1000.0,909.4971247042381,-90.5028752957619,-0.09050287529576184
2022-11-28,2022-11-25,CEG,1,XLU.US,93.46361613753822,2023-01-20,78.91920462650603,etf_rotation_risk_off,2023-01-19,2,2023-07-19,1000.0,842.6963174691924,-157.30368253080758,-0.15730368253080762
2022-12-27,2022-12-23,CEG,1,XLU.US,86.04069666818803,2023-01-20,78.91920462650603,etf_rotation_risk_off,2023-01-19,2,2023-07-19,1000.0,915.3975756402522,-84.60242435974783,-0.08460242435974785
2023-01-26,2023-01-25,HES,3,,154.34678505983547,2024-01-26,140.61249272147512,one_year,,,,1000.0,909.1955384371806,-90.80446156281937,-0.0908044615628194
2023-02-27,2023-02-24,STLD,1,XLB.US,114.98841213120158,2024-02-27,126.45049924043018,one_year,,,,1000.0,1097.4821058356486,97.48210583564855,0.09748210583564854
2023-03-27,2023-03-24,FSLR,1,XLI.US,212.77,2023-10-23,149.18,etf_rotation_risk_off,2023-10-20,3,2024-04-20,1000.0,699.7311142548292,-300.2688857451708,-0.30026888574517074
2023-04-26,2023-04-25,FSLR,1,XLI.US,205.01,2023-10-23,149.18,etf_rotation_risk_off,2023-10-20,3,2024-04-20,1000.0,726.2172049168335,-273.78279508316655,-0.2737827950831665
2023-05-26,2023-05-25,FSLR,1,XLI.US,201.04,2023-10-23,149.18,etf_rotation_risk_off,2023-10-20,3,2024-04-20,1000.0,740.5580440708318,-259.4419559291682,-0.2594419559291682
2023-06-26,2023-06-23,NVDA,1,SMH.US,42.37844391120299,2023-09-22,41.494570776255706,etf_rotation_risk_off,2023-09-21,3,2024-03-21,1000.0,977.1860244808696,-22.813975519130395,-0.022813975519130447
2023-07-26,2023-07-25,NVDA,1,SMH.US,45.93149334682742,2023-09-22,41.494570776255706,etf_rotation_risk_off,2023-09-21,3,2024-03-21,1000.0,901.5954002752743,-98.4045997247257,-0.0984045997247257
2023-08-28,2023-08-25,NVDA,1,SMH.US,46.3915866296573,2023-09-22,41.494570776255706,etf_rotation_risk_off,2023-09-21,3,2024-03-21,1000.0,892.653736115166,-107.346263884834,-0.10734626388483404
2023-09-26,2023-09-25,GE,2,,87.21714181752024,2024-09-25,187.6610872233666,one_year,,,,1000.0,2147.3525594527673,1147.3525594527673,1.1473525594527674
2023-10-26,2023-10-25,FICO,1,XLF.US,832.29,2024-10-25,2015.08,one_year,,,,1000.0,2416.2874179432647,1416.2874179432647,1.4162874179432645
2023-11-27,2023-11-24,AVGO,2,XLK.US,94.66099160212156,2024-11-26,162.07844470074053,one_year,,,,1000.0,1708.7762039264176,708.7762039264176,0.7087762039264176
2023-12-26,2023-12-22,META,1,XLC.US,351.89980719781306,2024-12-26,602.502023866744,one_year,,,,1000.0,1708.7182488367423,708.7182488367423,0.7087182488367423
2024-01-26,2024-01-25,META,1,XLC.US,390.9171719439793,2025-01-27,623.5280374977269,one_year,,,,1000.0,1591.8502680663655,591.8502680663655,0.5918502680663655
2024-02-26,2024-02-23,META,2,XLC.US,479.76985979366464,2025-02-25,662.6944404821294,one_year,,,,1000.0,1378.5145123123027,378.5145123123027,0.3785145123123028
2024-03-26,2024-03-25,NVDA,1,SMH.US,95.68542647671265,2024-05-02,84.30315261741234,etf_rotation_risk_off,2024-05-01,2,2024-11-01,1000.0,879.2836455173904,-120.71635448260963,-0.12071635448260964
2024-04-26,2024-04-25,NVDA,1,SMH.US,83.67316830455347,2024-05-02,84.30315261741234,etf_rotation_risk_off,2024-05-01,2,2024-11-01,1000.0,1005.5150572175901,5.515057217590083,0.005515057217590158
2024-05-28,2024-05-24,CEG,3,XLU.US,229.6341834738617,2025-05-28,307.83167846128873,one_year,,,,1000.0,1337.8510040993692,337.8510040993692,0.3378510040993692
2024-06-26,2024-06-25,CEG,2,XLU.US,217.9592591840616,2025-06-26,315.3422151251124,one_year,,,,1000.0,1443.9021641714717,443.90216417147167,0.44390216417147177
2024-07-26,2024-07-25,VST,1,XLU.US,71.20666850393701,2025-07-28,192.10797322850726,one_year,,,,1000.0,2692.4999219619867,1692.4999219619867,1.6924999219619865
2024-08-26,2024-08-23,NRG,2,XLU.US,81.54062595820895,2025-08-26,143.73850099158858,one_year,,,,1000.0,1759.260074869032,759.260074869032,0.7592600748690319
2024-09-26,2024-09-25,VST,1,XLU.US,118.82796075683252,2025-09-26,200.37139233664703,one_year,,,,1000.0,1682.8602346596097,682.8602346596097,0.6828602346596098
2024-10-28,2024-10-25,KKR,1,XLF.US,139.83290890230907,2025-10-28,121.64057835171212,one_year,,,,1000.0,868.1605767094387,-131.83942329056129,-0.1318394232905613
2024-11-26,2024-11-25,PLTR,1,XLK.US,64.57,2025-03-07,80.025,etf_rotation_risk_off,2025-03-06,3,2025-09-06,1000.0,1236.8751746166954,236.8751746166954,0.2368751746166955
2024-12-26,2024-12-24,PLTR,1,XLK.US,83.16,2025-03-07,80.025,etf_rotation_risk_off,2025-03-06,3,2025-09-06,1000.0,960.3779464285715,-39.62205357142852,-0.03962205357142856
2025-01-27,2025-01-24,VST,1,XLU.US,152.8322577983659,2026-01-27,159.07466374649945,one_year,,,,1000.0,1038.7641704745374,38.76417047453742,0.038764170474537396
2025-02-26,2025-02-25,PLTR,1,XLK.US,89.16,2025-03-07,80.025,etf_rotation_risk_off,2025-03-06,3,2025-09-06,1000.0,895.7495516487214,-104.25044835127858,-0.10425044835127861
2025-03-26,2025-03-25,GEV,2,XLI.US,334.28949293358517,2026-03-26,914.5327119983507,one_year,,,,1000.0,2730.2819274921007,1730.2819274921007,1.7302819274921006
2025-04-28,2025-04-25,HWM,2,XLI.US,137.87065474147417,2026-04-28,241.65351418708147,one_year,,,,1000.0,1749.2514941953978,749.2514941953978,0.7492514941953978
2025-05-27,2025-05-23,HWM,2,XLI.US,166.89275779951677,2026-05-27,262.5,one_year,,,,1000.0,1569.7221734133184,569.7221734133184,0.5697221734133184
2025-06-26,2025-06-25,HWM,2,XLI.US,178.17729881820753,2026-06-26,269.0,one_year,,,,1000.0,1506.714215450697,506.7142154506971,0.5067142154506972
2025-07-28,2025-07-25,GEV,2,XLI.US,636.8139960812772,2026-07-27,996.57,open_mtm,,,,1000.0,1561.8027598172655,561.8027598172655,0.5618027598172655
2025-08-26,2025-08-25,GEV,2,XLI.US,602.481976961544,2026-07-27,996.57,open_mtm,,,,1000.0,1650.801010821745,650.801010821745,0.650801010821745
2025-09-26,2025-09-25,PLTR,1,XLK.US,179.05,2026-06-26,109.04,stop_close_next_open,,,,1000.0,607.7745268919296,-392.22547310807045,-0.39222547310807043
2025-10-27,2025-10-24,SNDK,1,DRAM.US,191.5,2026-07-02,2043.8,etf_rotation_risk_off,2026-07-01,9,2027-01-01,1000.0,10651.25035926893,9651.25035926893,9.65125035926893
2025-11-26,2025-11-25,SNDK,1,DRAM.US,226.0,2026-07-02,2043.8,etf_rotation_risk_off,2026-07-01,9,2027-01-01,1000.0,9025.285149557521,8025.285149557521,8.025285149557522
2025-12-26,2025-12-24,SNDK,1,DRAM.US,259.595,2026-07-02,2043.8,etf_rotation_risk_off,2026-07-01,9,2027-01-01,1000.0,7857.294800747317,6857.294800747317,6.857294800747317
2026-01-26,2026-01-23,SNDK,1,DRAM.US,476.485,2026-07-02,2043.8,etf_rotation_risk_off,2026-07-01,9,2027-01-01,1000.0,4280.752686443435,3280.752686443435,3.280752686443435
2026-02-26,2026-02-25,SNDK,1,DRAM.US,645.74,2026-07-02,2043.8,etf_rotation_risk_off,2026-07-01,9,2027-01-01,1000.0,3158.7240124508317,2158.7240124508317,2.158724012450832
2026-03-26,2026-03-25,SNDK,1,DRAM.US,654.0,2026-07-02,2043.8,etf_rotation_risk_off,2026-07-01,9,2027-01-01,1000.0,3118.8294247706426,2118.8294247706426,2.1188294247706425
2026-04-27,2026-04-24,SNDK,1,DRAM.US,1019.645,2026-07-02,2043.8,etf_rotation_risk_off,2026-07-01,9,2027-01-01,1000.0,2000.416266249528,1000.416266249528,1.0004162662495282
2026-05-26,2026-05-22,SNDK,1,DRAM.US,1535.21,2026-07-02,2043.8,etf_rotation_risk_off,2026-07-01,9,2027-01-01,1000.0,1328.6224319799896,328.62243197998964,0.32862243197998975
2026-06-26,2026-06-25,SNDK,1,DRAM.US,2169.9951,2026-07-02,2043.8,etf_rotation_risk_off,2026-07-01,9,2027-01-01,1000.0,939.962695676133,-60.03730432386703,-0.060037304323867
